Type,Name,Request Count,Failure Count,Median Response Time,Average Response Time,Min Response Time,Max Response Time,Average Content Size,Requests/s,Failures/s,50%,66%,75%,80%,90%,95%,98%,99%,99.9%,99.99%,100%
GET,/numericalintegralservice/0/3.14/numericalintegralservice/0/3.14159,5,5,4,5.576655600452796,3.647276000265265,13.064569000562187,207.0,0.6289419611718118,0.6289419611718118,4,4,4,13,13,13,13,13,13,13,13
,Aggregated,5,5,4,5.576655600452796,3.647276000265265,13.064569000562187,207.0,0.6289419611718118,0.6289419611718118,4,4,4,13,13,13,13,13,13,13,13
